INSERT INTO SUPPLIER (SupplierName, ContactNumber, Address) VALUES
                                                                ('Dale Suddell', '963-209-6755', '343 Victoria Center'),
                                                                ('Jesse Sorrel', '392-878-2542', '40 Arrowood Pass'),
                                                                ('Leyla Willmot', '970-433-6404', '89565 Charing Cross Point'),
                                                                ('Annabela Alcoran', '786-416-0711', '9686 Paget Pass'),
                                                                ('Darn Bythell', '665-506-9589', '302 Golf View Drive'),
                                                                ('Dilly Walbrun', '370-852-7503', '9795 Acker Park'),
                                                                ('Rosene Dorkens', '747-354-9184', '40 Towne Trail'),
                                                                ('Ida Tyrrell', '540-922-8555', '20 Oakridge Crossing'),
                                                                ('Moises Pleven', '132-720-9925', '85225 Dayton Junction'),
                                                                ('Alberto MacRonald', '963-903-5258', '730 Ronald Regan Park'),
                                                                ('Newton Blaine', '931-229-4778', '843 Lake View Park'),
                                                                ('Ellie Ciobutaro', '973-847-5007', '2 Rigney Junction'),
                                                                ('Roarke Ivankin', '713-475-6440', '7432 Maryland Crossing'),
                                                                ('Ruperta Rablan', '116-392-0413', '896 Buhler Junction'),
                                                                ('Ciel Purslow', '418-937-3824', '988 Ramsey Place'),
                                                                ('Griffy Swateridge', '265-663-0023', '9 Havey Junction'),
                                                                ('Tiphanie Karlolczak', '260-192-5290', '94632 Crescent Oaks Court'),
                                                                ('Hayyim O''Spillane', '558-582-8350', '77 Butternut Point'),
                                                                ('Layla McRuvie', '522-790-5055', '7288 Oakridge Terrace'),
                                                                ('Granville Butrimovich', '314-166-2496', '1 Holy Cross Lane'),
                                                                ('Moyra Ivory', '423-534-9649', '409 Commercial Avenue'),
                                                                ('Arly Tattershaw', '766-306-8595', '20 Kinsman Hill'),
                                                                ('Marrilee Philippet', '908-911-6395', '68524 Eagle Crest Road'),
                                                                ('Rachel Huckstepp', '575-741-2717', '8 Lake View Court'),
                                                                ('Horatia Troppmann', '625-718-6517', '96 Amoth Crossing'),
                                                                ('Sheila-kathryn Braga', '440-468-7821', '12 Quincy Trail'),
                                                                ('Eleen Salsberg', '529-669-2996', '46878 Shasta Place'),
                                                                ('Banky Cochran', '547-371-8833', '693 Chinook Parkway'),
                                                                ('Fredia Gooderham', '585-175-5685', '2 Lawn Court'),
                                                                ('Killian Longlands', '645-325-9496', '4 Hovde Trail'),
                                                                ('Angeline Nutting', '636-532-3267', '16 Orin Drive'),
                                                                ('Isaiah Brandli', '753-958-7584', '58 Grover Street'),
                                                                ('Hillie Jennery', '221-719-3890', '367 Haas Street'),
                                                                ('Johnathan Rykert', '339-970-7534', '4483 Leroy Lane'),
                                                                ('Ximenes McMenamy', '164-557-4924', '063 Talmadge Trail'),
                                                                ('Justinn Whybrow', '867-514-3653', '1 Comanche Circle'),
                                                                ('Nappy Dobbson', '635-365-9140', '22 Twin Pines Circle'),
                                                                ('Koo Artharg', '546-728-1071', '8 Esker Center'),
                                                                ('Galvin Sexon', '360-117-2873', '3 Grasskamp Trail'),
                                                                ('Allianora Lewins', '141-504-0493', '5306 Prentice Park'),
                                                                ('Glenden Brampton', '338-452-4620', '1 Washington Court'),
                                                                ('Billie McQuode', '959-781-4588', '8429 Dryden Terrace'),
                                                                ('Laurie Hurley', '135-158-8275', '3568 Pleasure Court'),
                                                                ('Maribeth Duchasteau', '982-834-0593', '9 Buena Vista Road'),
                                                                ('Aldis Josofovitz', '656-504-9809', '041 Hanover Parkway'),
                                                                ('Maggie Lorkin', '277-554-2687', '882 Pepper Wood Hill'),
                                                                ('Frederico Roskell', '105-837-5673', '68 Johnson Plaza'),
                                                                ('Koralle Gyse', '284-757-7379', '5 David Avenue'),
                                                                ('Georgeanne Dawidowsky', '898-290-6019', '24 Raven Hill'),
                                                                ('Trish Bonny', '784-141-5320', '8794 Bluejay Hill'),
                                                                ('Kurtis Pretor', '576-680-2772', '5617 Surrey Crossing'),
                                                                ('Dael Sodory', '888-456-4009', '78 Debra Court'),
                                                                ('Seana Stuchberry', '616-866-8291', '64 Oak Alley'),
                                                                ('Deanne Navarro', '406-370-1789', '79 Donald Hill'),
                                                                ('Sebastien Bertouloume', '340-860-0299', '75485 Upham Plaza'),
                                                                ('Abra Steane', '778-820-9928', '8 Golf View Junction'),
                                                                ('Hedy Bastard', '362-228-1919', '7718 Oxford Lane'),
                                                                ('Ripley Fasse', '734-504-0996', '1 Beilfuss Drive'),
                                                                ('Orlando Sutch', '521-989-8988', '25 Everett Lane'),
                                                                ('Esmaria Abramov', '207-106-1213', '682 Old Gate Road'),
                                                                ('Corenda Pipes', '266-755-9894', '5236 Westridge Terrace'),
                                                                ('Selie Wardlow', '417-119-7095', '46 Ronald Regan Park'),
                                                                ('Kalindi Frenchum', '601-872-7347', '0127 Parkside Crossing'),
                                                                ('Megan Jeaycock', '242-849-5235', '85 Forest Lane'),
                                                                ('Marleah Westfalen', '926-564-7673', '59450 Northwestern Drive'),
                                                                ('Hersch Kearton', '780-959-2093', '09 Texas Drive'),
                                                                ('Gerardo Divver', '516-977-5292', '90735 Bartillon Way'),
                                                                ('Bay Canet', '149-275-9382', '6361 Tennyson Crossing'),
                                                                ('Gilburt Ghilks', '949-203-6711', '75007 La Follette Trail'),
                                                                ('Boy Devereu', '422-632-9092', '126 Weeping Birch Hill'),
                                                                ('Hetty Voysey', '193-287-8511', '465 Graceland Pass'),
                                                                ('Eydie Cours', '803-200-6429', '753 Nelson Drive'),
                                                                ('Myles Load', '561-104-9952', '343 Cody Circle'),
                                                                ('Saudra Self', '969-752-2487', '03 Lakewood Terrace'),
                                                                ('Eamon Dorset', '694-791-5985', '84 Columbus Pass'),
                                                                ('Janelle Bozward', '424-148-8630', '32550 Nobel Terrace'),
                                                                ('Edgar Bottomley', '156-727-8799', '43869 Oak Valley Court'),
                                                                ('Kerstin Lanfare', '980-724-0020', '4 Southridge Lane'),
                                                                ('Melita Hubbart', '612-845-9863', '0022 Vahlen Lane'),
                                                                ('Petra Letcher', '219-414-9978', '07 7th Street'),
                                                                ('Guss Ryhorovich', '490-569-1798', '24418 Montana Way'),
                                                                ('Tarrance Smeed', '646-280-1163', '77 Prentice Way'),
                                                                ('Keir Hernik', '341-871-6149', '9 Merrick Parkway'),
                                                                ('Nata Scottini', '172-418-0095', '89 Scoville Way'),
                                                                ('Vanya Parbrook', '261-441-4438', '12464 Westend Way'),
                                                                ('Kamilah Dakhov', '591-555-2375', '3 Anderson Point'),
                                                                ('Yoshiko Mole', '479-815-8501', '98162 Towne Lane'),
                                                                ('Veriee Outerbridge', '451-718-8171', '6387 Eagan Drive'),
                                                                ('Landon Marwick', '312-987-6543', '7123 Oakwood Drive'),
                                                                ('Elara Finch', '415-369-8741', '88 Maplewood Lane'),
                                                                ('Preston Hargrove', '567-482-3210', '21 Sunset Boulevard'),
                                                                ('Seraphina Wexler', '678-293-1540', '9 Cherry Blossom Avenue'),
                                                                ('Dorian Caldwell', '890-456-2391', '56 Evergreen Crescent'),
                                                                ('Leona Stratton', '745-890-3215', '45 Timber Ridge Road'),
                                                                ('Cassian Hollis', '601-258-4567', '300 Pioneer Trail'),
                                                                ('Talia Whitmore', '850-741-3692', '1296 Sapphire Way'),
                                                                ('Rowan Sinclair', '917-654-3218', '78 Crescent Heights'),
                                                                ('Isolde Remington', '460-951-3574', '907 Horizon Drive'),
                                                                ('Quentin Ashford', '369-852-7410', '13 Silver Birch Court'),
                                                                ('Peter Leser', '212-414-9978', '03 7th Street'),
                                                                ('Guess Ryovich', '492-569-1798', '218 Montana Way'),
                                                                ('Tarrance Smith', '646-220-1163', '78 Prentice Way'),
                                                                ('Kery Henrik', '341-821-6149', '10 Merrick Parkway'),
                                                                ('Natalia Scott', '172-412-0095', '29 Scoville Way'),
                                                                ('Vaniia Parblook', '262-441-4438', '12864 Westend Way'),
                                                                ('Kamilla Dav', '591-525-2375', '9 Anderson Point'),
                                                                ('Yasia Molendry', '479-825-8501', '967162 Towne Lane'),
                                                                ('Very Outbridge', '451-728-8171', '6337 Eagan Drive'),
                                                                ('Kate Mawerick', '312-927-6543', '7223 Oakwood Drive'),
                                                                ('Klara Fih', '415-369-8241', '83 Maplewood Lane'),
                                                                ('Prion Hangrove', '567-422-3210', '71 Sunset Boulevard'),
                                                                ('Stefy Wexmarer', '678-223-1540', '26 Cherry Blossom Avenue'),
                                                                ('Dorian Callwell', '890-426-2391', '46 Evergreen Crescent'),
                                                                ('Leon Straweon', '745-820-3215', '75 Timber Ridge Road'),
                                                                ('Chtistian Hollens', '601-228-4567', '320 Pioneer Trail'),
                                                                ('Taiia Blackmore', '850-742-3692', '1226 Sapphire Way'),
                                                                ('Roma Sinclair', '817-654-3218', '72 Crescent Heights'),
                                                                ('Brian Rest', '460-952-3574', '927 Horizon Drive'),
                                                                ('Dima Aford', '369-853-7410', '23 Silver Birch Court'),
                                                                ('Eleonora Muckeen', '210-384-0419', '323 Cordelia Terrace');

INSERT INTO Product (ProductName, Category, Price, SupplierID) VALUES
                                                                   ('Mechanical Gaming Keyboard', 'Mechanical', 129.99, 1),
                                                                   ('Wireless RGB Keyboard', 'Wireless', 89.99, 2),
                                                                   ('Ergonomic Office Keyboard', 'Office', 59.99, 3),
                                                                   ('Compact 60% Keyboard', 'Compact', 109.99, 4),
                                                                   ('Silent Membrane Keyboard', 'Membrane', 39.99, 5),
                                                                   ('Mechanical Keyboard with PBT Keycaps', 'Mechanical', 149.99, 6),
                                                                   ('Low Profile Wireless Keyboard', 'Wireless', 99.99, 7),
                                                                   ('TKL Mechanical Keyboard', 'Mechanical', 119.99, 8),
                                                                   ('Hot-Swappable Keyboard', 'Mechanical', 159.99, 9),
                                                                   ('Custom Mechanical Keyboard Kit', 'Custom', 189.99, 10),
                                                                   ('Ultra-Slim Bluetooth Keyboard', 'Wireless', 79.99, 11),
                                                                   ('Multimedia Backlit Keyboard', 'Membrane', 49.99, 12),
                                                                   ('Gasket Mounted Keyboard', 'Custom', 209.99, 13),
                                                                   ('Hybrid Mechanical Keyboard', 'Hybrid', 89.99, 14),
                                                                   ('Split Ergonomic Keyboard', 'Office', 129.99, 15),
                                                                   ('Programmable Macro Keyboard', 'Custom', 179.99, 16),
                                                                   ('Aluminum Frame Mechanical Keyboard', 'Mechanical', 139.99, 17),
                                                                   ('Wireless Compact Mechanical Keyboard', 'Wireless', 119.99, 18),
                                                                   ('RGB Tenkeyless Keyboard', 'Gaming', 149.99, 19),
                                                                   ('Optical Switch Gaming Keyboard', 'Gaming', 159.99, 20),
                                                                   ('Waterproof Mechanical Keyboard', 'Mechanical', 139.99, 1),
                                                                   ('Compact Wireless Mechanical Keyboard', 'Wireless', 119.99, 2),
                                                                   ('USB-C Mechanical Keyboard', 'Mechanical', 159.99, 3),
                                                                   ('Silent Wireless Office Keyboard', 'Office', 79.99, 4),
                                                                   ('RGB Programmable Keyboard', 'Custom', 199.99, 5),
                                                                   ('Silent Tactile Keyboard', 'Office', 69.99, 6),
                                                                   ('Mini Portable Keyboard', 'Compact', 59.99, 7),
                                                                   ('Premium Mechanical Keyboard', 'Mechanical', 199.99, 8),
                                                                   ('One-Handed Gaming Keyboard', 'Gaming', 69.99, 9),
                                                                   ('Wireless Split Ergonomic Keyboard', 'Ergonomic', 149.99, 10),
                                                                   ('Smart Touchpad Keyboard', 'Wireless', 119.99, 11),
                                                                   ('RGB Low-Profile Keyboard', 'Gaming', 139.99, 12),
                                                                   ('Ultra-Light Travel Keyboard', 'Compact', 89.99, 13),
                                                                   ('Mechanical Keyboard with Metal Frame', 'Mechanical', 169.99, 14),
                                                                   ('Silent Mechanical Keyboard', 'Mechanical', 109.99, 15),
                                                                   ('Cherry MX Switch Keyboard', 'Mechanical', 149.99, 16),
                                                                   ('Wireless Rechargeable Keyboard', 'Wireless', 99.99, 17),
                                                                   ('Gaming Keyboard with Macro Keys', 'Gaming', 179.99, 18),
                                                                   ('Minimalist Mechanical Keyboard', 'Compact', 129.99, 19),
                                                                   ('Ultra Slim Mechanical Keyboard', 'Mechanical', 119.99, 1),
                                                                   ('Wireless Mechanical Keyboard with RGB', 'Wireless', 149.99, 2),
                                                                   ('Full-Size Ergonomic Mechanical Keyboard', 'Office', 139.99, 3),
                                                                   ('60% Mechanical Keyboard with PBT Keycaps', 'Compact', 129.99, 4),
                                                                   ('Hybrid Membrane Mechanical Keyboard', 'Membrane', 69.99, 5),
                                                                   ('Wireless Hot-Swap Mechanical Keyboard', 'Mechanical', 159.99, 6),
                                                                   ('Custom Modular Mechanical Keyboard', 'Custom', 209.99, 7),
                                                                   ('High-Speed Optical Switch Keyboard', 'Gaming', 179.99, 8),
                                                                   ('Silent Linear Mechanical Keyboard', 'Mechanical', 129.99, 9),
                                                                   ('RGB Wireless Tenkeyless Keyboard', 'Wireless', 119.99, 10),
                                                                   ('Programmable Macro Gaming Keyboard', 'Gaming', 199.99, 11),
                                                                   ('Water-Resistant Mechanical Keyboard', 'Mechanical', 149.99, 12),
                                                                   ('Bluetooth Compact Mechanical Keyboard', 'Wireless', 99.99, 13),
                                                                   ('Wireless Touchpad Keyboard', 'Wireless', 109.99, 14),
                                                                   ('Gasket Mount 75% Mechanical Keyboard', 'Custom', 219.99, 15),
                                                                   ('RGB Split Keyboard with Macro Keys', 'Gaming', 189.99, 16),
                                                                   ('Portable Wireless Travel Keyboard', 'Compact', 79.99, 17),
                                                                   ('Metal Frame Mechanical Keyboard', 'Mechanical', 159.99, 18),
                                                                   ('Silent Ergonomic Keyboard with Wrist Rest', 'Office', 119.99, 19),
                                                                   ('Custom Acrylic Mechanical Keyboard', 'Custom', 239.99, 20),
                                                                   ('Aluminum CNC Mechanical Keyboard', 'Mechanical', 259.99, 1),
                                                                   ('Wireless Rechargeable Gaming Keyboard', 'Gaming', 179.99, 2),
                                                                   ('Programmable Office Keyboard with Macro Keys', 'Office', 149.99, 3),
                                                                   ('Silent Membrane Wireless Keyboard', 'Membrane', 69.99, 4),
                                                                   ('Full-Size RGB Mechanical Keyboard', 'Mechanical', 189.99, 5),
                                                                   ('Hot-Swappable 65% Mechanical Keyboard', 'Compact', 169.99, 6),
                                                                   ('Dual-Mode Bluetooth Mechanical Keyboard', 'Wireless', 129.99, 7),
                                                                   ('Low-Profile Aluminum Mechanical Keyboard', 'Mechanical', 199.99, 8),
                                                                   ('Mechanical Keyboard with OLED Display', 'Custom', 279.99, 9),
                                                                   ('Gaming Keyboard with Pudding Keycaps', 'Gaming', 149.99, 10),
                                                                   ('Wireless Foldable Keyboard with Touchpad', 'Wireless', 119.99, 11),
                                                                   ('RGB Tenkeyless Gaming Keyboard', 'Gaming', 179.99, 12),
                                                                   ('Gateron Switch Hot-Swap Keyboard', 'Mechanical', 159.99, 13),
                                                                   ('Wireless Ergonomic Split Keyboard', 'Office', 149.99, 14),
                                                                   ('Optical Sensor Gaming Keyboard', 'Gaming', 219.99, 15),
                                                                   ('Custom Keyboard with Wooden Case', 'Custom', 249.99, 16),
                                                                   ('USB-C Wired Mechanical Keyboard', 'Mechanical', 129.99, 17),
                                                                   ('Mini Compact Mechanical Keyboard', 'Compact', 99.99, 18),
                                                                   ('RGB Wireless 96% Keyboard', 'Wireless', 179.99, 19),
                                                                   ('Quiet Tactile Office Keyboard', 'Office', 119.99, 20),
                                                                   ('Multimedia Wireless Keyboard', 'Wireless', 89.99, 1),
                                                                   ('Hotswap RGB Gaming Keyboard', 'Gaming', 189.99, 2),
                                                                   ('Wireless Compact Keyboard with PBT Keycaps', 'Compact', 149.99, 3),
                                                                   ('Ultra-Light TKL Mechanical Keyboard', 'Mechanical', 129.99, 4),
                                                                   ('Customizable Key Layout Mechanical Keyboard', 'Custom', 209.99, 5),
                                                                   ('Heavy Duty Industrial Keyboard', 'Mechanical', 199.99, 6),
                                                                   ('Silent Red Switch Wireless Keyboard', 'Wireless', 169.99, 7),
                                                                   ('Cherry MX Speed Mechanical Keyboard', 'Mechanical', 159.99, 8),
                                                                   ('Full-Sized Wireless RGB Keyboard', 'Wireless', 149.99, 9),
                                                                   ('Wireless Gaming Keyboard with Side Macros', 'Gaming', 189.99, 10),
                                                                   ('Ultra-Responsive Mechanical Keyboard', 'Mechanical', 179.99, 11),
                                                                   ('Compact Bluetooth Keyboard for Tablets', 'Wireless', 109.99, 12),
                                                                   ('RGB Hybrid Wireless Gaming Keyboard', 'Gaming', 219.99, 13),
                                                                   ('Wireless Backlit Keyboard for Office', 'Office', 129.99, 14),
                                                                   ('Portable Travel Mechanical Keyboard', 'Compact', 99.99, 15),
                                                                   ('Silent Office Mechanical Keyboard', 'Mechanical', 149.99, 16),
                                                                   ('Compact Wireless Gaming Keyboard', 'Gaming', 179.99, 17),
                                                                   ('Ergonomic Keyboard with Adjustable Angles', 'Office', 139.99, 18),
                                                                   ('Hotswap 70% Mechanical Keyboard', 'Mechanical', 159.99, 19),
                                                                   ('Custom Keyboard with Metal Knobs', 'Custom', 249.99, 20),
                                                                   ('Multimedia Wireless Keyboard', 'Wireless', 89.99, 1),
                                                                   ('Hotswap RGB Gaming Keyboard', 'Gaming', 189.99, 2),
                                                                   ('Wireless Compact Keyboard with PBT Keycaps', 'Compact', 149.99, 3),
                                                                   ('Ultra-Light TKL Mechanical Keyboard', 'Mechanical', 129.99, 4),
                                                                   ('Customizable Key Layout Mechanical Keyboard', 'Custom', 209.99, 5),
                                                                   ('Heavy Duty Industrial Keyboard', 'Mechanical', 199.99, 6),
                                                                   ('Silent Red Switch Wireless Keyboard', 'Wireless', 169.99, 7),
                                                                   ('Cherry MX Speed Mechanical Keyboard', 'Mechanical', 159.99, 8),
                                                                   ('Full-Sized Wireless RGB Keyboard', 'Wireless', 149.99, 9),
                                                                   ('Wireless Gaming Keyboard with Side Macros', 'Gaming', 189.99, 10),
                                                                   ('Ultra-Responsive Mechanical Keyboard', 'Mechanical', 179.99, 11),
                                                                   ('Compact Bluetooth Keyboard for Tablets', 'Wireless', 109.99, 12),
                                                                   ('RGB Hybrid Wireless Gaming Keyboard', 'Gaming', 219.99, 13),
                                                                   ('Wireless Backlit Keyboard for Office', 'Office', 129.99, 14),
                                                                   ('Portable Travel Mechanical Keyboard', 'Compact', 99.99, 15),
                                                                   ('Silent Office Mechanical Keyboard', 'Mechanical', 149.99, 16),
                                                                   ('Compact Wireless Gaming Keyboard', 'Gaming', 179.99, 17),
                                                                   ('Ergonomic Keyboard with Adjustable Angles', 'Office', 139.99, 18),
                                                                   ('Hotswap 70% Mechanical Keyboard', 'Mechanical', 159.99, 19),
                                                                   ('Custom Keyboard with Metal Knobs', 'Custom', 249.99, 20),
                                                                   ('Lightweight Mechanical Keyboard', 'Mechanical', 149.99, 20);

SET IDENTITY_INSERT Customer ON;
INSERT INTO Customer (CustomerID, CustomerName, ContactNumber, Email) VALUES
                                                                          (1, 'John Smith', '5551234567', 'john.smith@example.com'),
                                                                          (2, 'Alice Johnson', '5552345678', 'alice.johnson@example.com'),
                                                                          (3, 'Robert Brown', '5553456789', 'robert.brown@example.com'),
                                                                          (4, 'Emma White', '5554567890', 'emma.white@example.com'),
                                                                          (5, 'Michael Davis', '5555678901', 'michael.davis@example.com'),
                                                                          (6, 'Sophia Wilson', '5556789012', 'sophia.wilson@example.com'),
                                                                          (7, 'Daniel Miller', '5557890123', 'daniel.miller@example.com'),
                                                                          (8, 'Olivia Garcia', '5558901234', 'olivia.garcia@example.com'),
                                                                          (9, 'James Martinez', '5559012345', 'james.martinez@example.com'),
                                                                          (10, 'Emily Rodriguez', '5550123456', 'emily.rodriguez@example.com'),
                                                                          (11, 'Matthew Wilson', '5551231234', 'matthew.wilson@example.com'),
                                                                          (12, 'Charlotte Anderson', '5552342345', 'charlotte.anderson@example.com'),
                                                                          (13, 'Benjamin Thomas', '5553453456', 'benjamin.thomas@example.com'),
                                                                          (14, 'Amelia Hernandez', '5554564567', 'amelia.hernandez@example.com'),
                                                                          (15, 'Jacob Moore', '5555675678', 'jacob.moore@example.com'),
                                                                          (16, 'Evelyn Hall', '5556786789', 'evelyn.hall@example.com'),
                                                                          (17, 'William Lee', '5557897890', 'william.lee@example.com'),
                                                                          (18, 'Mia Turner', '5558908901', 'mia.turner@example.com'),
                                                                          (19, 'Ethan Scott', '5559019012', 'ethan.scott@example.com'),
                                                                          (20, 'Harper Adams', '5550120123', 'harper.adams@example.com'),
                                                                          (21, 'Lucas Perez', '5551234568', 'lucas.perez@example.com'),
                                                                          (22, 'Ella Campbell', '5552345679', 'ella.campbell@example.com'),
                                                                          (23, 'Mason Young', '5553456780', 'mason.young@example.com'),
                                                                          (24, 'Scarlett King', '5554567891', 'scarlett.king@example.com'),
                                                                          (25, 'Liam Green', '5555678902', 'liam.green@example.com'),
                                                                          (26, 'Ava Walker', '5556789013', 'ava.walker@example.com'),
                                                                          (27, 'Noah Hall', '5557890124', 'noah.hall@example.com'),
                                                                          (28, 'Isabella Allen', '5558901235', 'isabella.allen@example.com'),
                                                                          (29, 'Logan Scott', '5559012346', 'logan.scott@example.com'),
                                                                          (30, 'Zoe Wright', '5550123457', 'zoe.wright@example.com'),
                                                                          (31, 'Nathan Bennett', '5556782341', 'nathan.bennett@example.com'),
                                                                          (32, 'Grace Mitchell', '5557893452', 'grace.mitchell@example.com'),
                                                                          (33, 'Elijah Torres', '5558904563', 'elijah.torres@example.com'),
                                                                          (34, 'Hannah Parker', '5559015674', 'hannah.parker@example.com'),
                                                                          (35, 'Alexander Reed', '5550126785', 'alexander.reed@example.com'),
                                                                          (36, 'Victoria Ross', '5551237896', 'victoria.ross@example.com'),
                                                                          (37, 'Samuel Diaz', '5552348907', 'samuel.diaz@example.com'),
                                                                          (38, 'Chloe Edwards', '5553459018', 'chloe.edwards@example.com'),
                                                                          (39, 'Jack Ramirez', '5554560129', 'jack.ramirez@example.com'),
                                                                          (40, 'Julian Barnes', '5552131415', 'julian.barnes@example.com'),
                                                                          (41, 'Natalie Foster', '5553141516', 'natalie.foster@example.com'),
                                                                          (42, 'Elliot Grant', '5554151617', 'elliot.grant@example.com'),
                                                                          (43, 'Isla Henderson', '5555161718', 'isla.henderson@example.com'),
                                                                          (44, 'Dylan Knight', '5556171819', 'dylan.knight@example.com'),
                                                                          (45, 'Sophia Lane', '5557181920', 'sophia.lane@example.com'),
                                                                          (46, 'Gabriel Morgan', '5558192021', 'gabriel.morgan@example.com'),
                                                                          (47, 'Hannah Nelson', '5559202122', 'hannah.nelson@example.com'),
                                                                          (48, 'Landon Owens', '5550212223', 'landon.owens@example.com'),
                                                                          (49, 'Olivia Peterson', '5551222324', 'olivia.peterson@example.com'),
                                                                          (50, 'Mason Quinn', '5552232425', 'mason.quinn@example.com'),
                                                                          (51, 'Amelia Roberts', '5553242526', 'amelia.roberts@example.com'),
                                                                          (52, 'Elijah Scott', '5554252627', 'elijah.scott@example.com'),
                                                                          (53, 'Harper Taylor', '5555262728', 'harper.taylor@example.com'),
                                                                          (54, 'Nathaniel Underwood', '5556272829', 'nathaniel.underwood@example.com'),
                                                                          (55, 'Emma Vaughn', '5557282930', 'emma.vaughn@example.com'),
                                                                          (56, 'Jackson White', '5558293031', 'jackson.white@example.com'),
                                                                          (57, 'Ella Xavier', '5559303132', 'ella.xavier@example.com'),
                                                                          (58, 'Benjamin Young', '5550313233', 'benjamin.young@example.com'),
                                                                          (59, 'Samantha Zimmerman', '5551323334', 'samantha.zimmerman@example.com'),
                                                                          (60, 'Henry Adams', '5552333435', 'henry.adams@example.com'),
                                                                          (61, 'Charlotte Baker', '5553343536', 'charlotte.baker@example.com'),
                                                                          (62, 'Sebastian Carter', '5554353637', 'sebastian.carter@example.com'),
                                                                          (63, 'Abigail Diaz', '5555363738', 'abigail.diaz@example.com'),
                                                                          (64, 'Liam Edwards', '5556373839', 'liam.edwards@example.com'),
                                                                          (65, 'Mila Flores', '5557383940', 'mila.flores@example.com'),
                                                                          (66, 'Ethan Garcia', '5558394041', 'ethan.garcia@example.com'),
                                                                          (67, 'Chloe Harris', '5559404142', 'chloe.harris@example.com'),
                                                                          (68, 'Lucas Irving', '5550414243', 'lucas.irving@example.com'),
                                                                          (69, 'Madison Johnson', '5551424344', 'madison.johnson@example.com'),
                                                                          (70, 'William Kelly', '5552434445', 'william.kelly@example.com'),
                                                                          (71, 'Grace Lewis', '5553444546', 'grace.lewis@example.com'),
                                                                          (72, 'Aiden Martinez', '5554454647', 'aiden.martinez@example.com'),
                                                                          (73, 'Zoe Newman', '5555464748', 'zoe.newman@example.com'),
                                                                          (74, 'Noah Owens', '5556474849', 'noah.owens@example.com'),
                                                                          (75, 'Scarlett Parker', '5557484950', 'scarlett.parker@example.com'),
                                                                          (76, 'Jacob Quinn', '5558495051', 'jacob.quinn@example.com'),
                                                                          (77, 'Aria Richardson', '5559505152', 'aria.richardson@example.com'),
                                                                          (78, 'Logan Smith', '5550515253', 'logan.smith@example.com'),
                                                                          (79, 'Lily Thompson', '5551525354', 'lily.thompson@example.com'),
                                                                          (80, 'Carter Upton', '5552535455', 'carter.upton@example.com'),
                                                                          (81, 'Isabella Vega', '5553545556', 'isabella.vega@example.com'),
                                                                          (82, 'Daniel Walker', '5554555657', 'daniel.walker@example.com'),
                                                                          (83, 'Natalie Xander', '5555565758', 'natalie.xander@example.com'),
                                                                          (84, 'Owen Yates', '5556575859', 'owen.yates@example.com'),
                                                                          (85, 'Avery Zane', '5557585960', 'avery.zane@example.com'),
                                                                          (86, 'Lucas Andrews', '5558596061', 'lucas.andrews@example.com'),
                                                                          (87, 'Victoria Bailey', '5559606162', 'victoria.bailey@example.com'),
                                                                          (88, 'Evan Carter', '5550616263', 'evan.carter@example.com'),
                                                                          (89, 'Hannah Dalton', '5551626364', 'hannah.dalton@example.com'),
                                                                          (90, 'Nathan Everett', '5552636465', 'nathan.everett@example.com'),
                                                                          (91, 'Emily Hayes', '5555666768', 'emily.hayes@example.com'),
                                                                          (92, 'Liam Ingram', '5556676869', 'liam.ingram@example.com'),
                                                                          (93, 'Oliver Myers', '5550717273', 'oliver.myers@example.com'),
                                                                          (94, 'Ella Nolan', '5551727374', 'ella.nolan@example.com'),
                                                                          (95, 'Madeline Johnson', '5557686970', 'madeline.johnson@example.com'),
                                                                          (96, 'Jackson Oliver', '5552737475', 'jackson.oliver@example.com'),
                                                                          (97, 'Henry King', '5558697071', 'henry.king@example.com'),
                                                                          (98, 'Mason Grayson', '5554656667', 'mason.grayson@example.com'),
                                                                          (99, 'Chloe Fischer', '5553646566', 'chloe.fischer@example.com'),
                                                                          (100, 'Lily Thompson', '5551525354', 'lly.thompson@example.com'),
                                                                          (101, 'Carter Upton', '5552535455', 'cater.upton@example.com'),
                                                                          (102, 'Isabella Vega', '5553545556', 'isaella.vega@example.com'),
                                                                          (103, 'Daniel Walker', '5554555657', 'danel.walker@example.com'),
                                                                          (104, 'Natalie Xander', '5555565758', 'ntalie.xander@example.com'),
                                                                          (105, 'Owen Yates', '5556575859', 'oen.yates@example.com'),
                                                                          (106, 'Avery Zane', '5557585960', 'very.zane@example.com'),
                                                                          (107, 'Lucas Andrews', '5558596061', 'lcas.andrews@example.com'),
                                                                          (108, 'Victoria Bailey', '5559606162', 'victoia.bailey@example.com'),
                                                                          (109, 'Evan Carter', '5550616263', 'ean.carter@example.com'),
                                                                          (110, 'Hannah Dalton', '5551626364', 'hanah.dalton@example.com'),
                                                                          (111, 'Nathan Everett', '5552636465', 'natan.everett@example.com'),
                                                                          (112, 'Emily Hayes', '5555666768', 'emly.hayes@example.com'),
                                                                          (113, 'Liam Ingram', '5556676869', 'lam.ingram@example.com'),
                                                                          (114, 'Oliver Myers', '5550717273', 'olive.myers@example.com'),
                                                                          (115, 'Ella Nolan', '5551727374', 'lla.nolan@example.com'),
                                                                          (116, 'Madeline Johnson', '5557686970', 'maeline.johnson@example.com'),
                                                                          (117, 'Jackson Oliver', '5552737475', 'jacksn.oliver@example.com'),
                                                                          (118, 'Henry King', '5558697071', 'hery.king@example.com'),
                                                                          (119, 'Mason Grayson', '5554656667', 'maon.grayson@example.com'),
                                                                          (200, 'Chloe Fischer', '5553646566', 'choe.fischer@example.com'),
                                                                          (201, 'Samuel Carter', '5551626364', 'samu.carter@example.com');
SET IDENTITY_INSERT Customer OFF;

INSERT INTO Orders (OrderDate, OrderAmount, CustomerID) VALUES
                                                            ('2025-01-28', 1089.51, 99),
                                                            ('2025-02-23', 1508.76, 72),
                                                            ('2025-02-26', 1559.08, 81),
                                                            ('2025-01-01', 1205.04, 1),
                                                            ('2025-02-14', 1263.20, 8),
                                                            ('2025-01-13', 2088.43, 18),
                                                            ('2025-01-04', 581.03, 17),
                                                            ('2024-12-25', 2072.57, 100),
                                                            ('2024-12-15', 1528.06, 20),
                                                            ('2025-02-25', 1063.47, 12),
                                                            ('2024-12-19', 2498.59, 7),
                                                            ('2024-12-10', 2244.71, 55),
                                                            ('2024-12-28', 1081.62, 1),
                                                            ('2025-01-11', 2424.08, 72),
                                                            ('2025-01-30', 1998.72, 93),
                                                            ('2025-02-05', 2621.84, 16),
                                                            ('2025-01-25', 2916.05, 6),
                                                            ('2025-02-13', 1466.94, 4),
                                                            ('2025-02-14', 2347.19, 12),
                                                            ('2024-12-26', 928.71, 14),
                                                            ('2024-12-07', 876.22, 13),
                                                            ('2025-02-19', 2177.63, 16),
                                                            ('2025-02-27', 2191.49, 12),
                                                            ('2025-01-07', 524.02, 12),
                                                            ('2024-12-22', 1253.14, 49),
                                                            ('2025-02-27', 2023.08, 11),
                                                            ('2025-01-21', 811.38, 88),
                                                            ('2025-01-30', 2147.84, 18),
                                                            ('2024-12-05', 993.27, 17),
                                                            ('2025-01-06', 3179.09, 1),
                                                            ('2025-02-08', 1947.55, 14),
                                                            ('2025-01-10', 1862.95, 13),
                                                            ('2025-02-16', 470.03, 4),
                                                            ('2025-01-22', 2106.34, 10),
                                                            ('2025-01-25', 653.89, 45),
                                                            ('2024-12-07', 2713.69, 79),
                                                            ('2024-12-28', 1812.88, 14),
                                                            ('2025-02-03', 1012.66, 4),
                                                            ('2025-02-02', 2593.22, 5),
                                                            ('2025-02-13', 1332.33, 30),
                                                            ('2025-02-17', 786.13, 19),
                                                            ('2025-02-27', 766.11, 14),
                                                            ('2024-12-09', 1091.13, 16),
                                                            ('2025-01-10', 1585.88, 68),
                                                            ('2025-02-22', 1400.15, 14),
                                                            ('2025-01-05', 1377.70, 27),
                                                            ('2025-02-12', 1974.09, 7),
                                                            ('2025-01-24', 2009.84, 79),
                                                            ('2025-01-05', 1590.58, 8),
                                                            ('2025-01-30', 1376.38, 14),
                                                            ('2025-01-24', 774.27, 5),
                                                            ('2025-01-05', 1328.85, 26),
                                                            ('2024-12-14', 2103.72, 14),
                                                            ('2025-01-09', 654.30, 9),
                                                            ('2024-12-04', 1589.77, 45),
                                                            ('2025-01-28', 3088.73, 9),
                                                            ('2024-12-26', 892.14, 16),
                                                            ('2024-12-07', 1223.35, 17),
                                                            ('2025-02-04', 1061.33, 5),
                                                            ('2025-01-06', 1491.19, 64),
                                                            ('2025-02-21', 2112.36, 30),
                                                            ('2024-12-18', 1760.44, 6),
                                                            ('2025-01-08', 1617.38, 18),
                                                            ('2025-01-03', 2313.31, 9),
                                                            ('2025-02-03', 874.90, 4),
                                                            ('2025-01-03', 2296.52, 6),
                                                            ('2025-02-15', 1625.19, 20),
                                                            ('2025-01-14', 2808.15, 49),
                                                            ('2025-02-02', 2869.06, 1),
                                                            ('2024-12-29', 1567.46, 13),
                                                            ('2025-01-13', 3074.34, 15),
                                                            ('2025-01-21', 826.36, 2),
                                                            ('2025-02-17', 1038.20, 7),
                                                            ('2025-02-21', 3162.11, 91),
                                                            ('2025-01-16', 2856.91, 65),
                                                            ('2025-01-18', 2195.58, 2),
                                                            ('2025-01-24', 2977.98, 13),
                                                            ('2025-02-11', 1998.33, 2),
                                                            ('2024-12-17', 2126.41, 84),
                                                            ('2025-02-10', 2995.33, 6),
                                                            ('2025-02-07', 2066.32, 21),
                                                            ('2024-12-19', 2630.20, 6),
                                                            ('2024-12-20', 3067.75, 16),
                                                            ('2025-02-02', 1929.64, 18),
                                                            ('2025-01-21', 3026.34, 3),
                                                            ('2025-02-22', 941.04, 17),
                                                            ('2025-01-15', 884.73, 100),
                                                            ('2025-01-08', 2583.85, 17),
                                                            ('2025-01-18', 2295.96, 8),
                                                            ('2025-01-26', 1381.38, 77),
                                                            ('2025-02-23', 2328.78, 99),
                                                            ('2025-01-29', 1660.24, 1),
                                                            ('2024-12-08', 1440.19, 19),
                                                            ('2025-02-16', 2943.81, 50),
                                                            ('2025-01-22', 1643.56, 59),
                                                            ('2025-02-14', 1308.81, 12),
                                                            ('2024-12-13', 1127.37, 53),
                                                            ('2024-12-21', 1495.65, 8),
                                                            ('2024-12-14', 2895.38, 86),
                                                            ('2025-02-10', 2395.33, 6),
                                                            ('2025-02-07', 206.32, 21),
                                                            ('2024-12-19', 230.20, 6),
                                                            ('2024-12-20', 3067.75, 16),
                                                            ('2025-02-02', 129.64, 18),
                                                            ('2025-01-21', 3026.34, 3),
                                                            ('2025-02-22', 941.04, 17),
                                                            ('2025-01-15', 884.73, 100),
                                                            ('2025-01-08', 2583.85, 17),
                                                            ('2025-01-18', 2295.96, 8),
                                                            ('2025-01-26', 181.38, 77),
                                                            ('2025-02-23', 2328.78, 115),
                                                            ('2025-01-29', 1660.24, 1),
                                                            ('2024-12-08', 1440.19, 19),
                                                            ('2025-02-16', 2943.81, 110),
                                                            ('2025-01-22', 1643.56, 111),
                                                            ('2025-02-14', 1608.81, 12),
                                                            ('2024-12-13', 1127.37, 53),
                                                            ('2024-12-21', 1795.65, 8),
                                                            ('2024-12-14', 2899.38, 101),
                                                            ('2025-02-24', 7420.28, 94),
                                                            ('2025-02-24', 740.28, 94);


INSERT INTO Employee (EmployeeName, Position, ContactNumber) VALUES
                                                                 ('Ethan Carter', 'Manager', '555-1010'),
                                                                 ('Sophia White', 'Sales Representative', '555-1020'),
                                                                 ('James Anderson', 'Technician', '555-1030'),
                                                                 ('Olivia Martinez', 'Customer Support', '555-1040'),
                                                                 ('Liam Thompson', 'Warehouse Worker', '555-1050'),
                                                                 ('Emma Davis', 'Marketing Specialist', '555-1060'),
                                                                 ('Mason Wilson', 'Finance Analyst', '555-1070'),
                                                                 ('Ava Taylor', 'HR Coordinator', '555-1080'),
                                                                 ('Noah Moore', 'Product Designer', '555-1090'),
                                                                 ('Isabella Brown', 'Inventory Manager', '555-1100'),
                                                                 ('Logan Harris', 'Software Engineer', '555-1111'),
                                                                 ('Mia Nelson', 'Sales Representative', '555-1122'),
                                                                 ('Lucas Wright', 'Technician', '555-1133'),
                                                                 ('Charlotte Walker', 'Customer Support', '555-1144'),
                                                                 ('Benjamin Allen', 'IT Specialist', '555-1155'),
                                                                 ('Harper Young', 'Warehouse Worker', '555-1166'),
                                                                 ('Elijah King', 'Marketing Specialist', '555-1177'),
                                                                 ('Amelia Scott', 'Customer Relations', '555-1188'),
                                                                 ('Henry Adams', 'Finance Analyst', '555-1199'),
                                                                 ('Evelyn Carter', 'Sales Consultant', '555-1200'),
                                                                 ('Jack Brooks', 'Retail Supervisor', '555-1210'),
                                                                 ('Scarlett Hall', 'E-commerce Manager', '555-1220'),
                                                                 ('Alexander Reed', 'Technician', '555-1230'),
                                                                 ('Abigail Wood', 'Marketing Coordinator', '555-1240'),
                                                                 ('Daniel Russell', 'Product Manager', '555-1250'),
                                                                 ('Chloe Bennett', 'Brand Strategist', '555-1260'),
                                                                 ('Sebastian Hughes', 'Accounting Clerk', '555-1270'),
                                                                 ('Zoe Flores', 'UX Designer', '555-1280'),
                                                                 ('Matthew Green', 'Business Analyst', '555-1290'),
                                                                 ('Lily Morris', 'Legal Advisor', '555-1300'),
                                                                 ('William Bailey', 'Project Manager', '555-1310'),
                                                                 ('Grace Turner', 'Public Relations', '555-1320'),
                                                                 ('Lucas Collins', 'Technical Writer', '555-1330'),
                                                                 ('Victoria Price', 'Sales Consultant', '555-1340'),
                                                                 ('David Perry', 'Warehouse Manager', '555-1350'),
                                                                 ('Hannah Bell', 'Market Researcher', '555-1360'),
                                                                 ('Andrew Rogers', 'Security Officer', '555-1370'),
                                                                 ('Avery Ramirez', 'System Administrator', '555-1380'),
                                                                 ('Isaac Mitchell', 'Legal Consultant', '555-1390'),
                                                                 ('Aria Griffin', 'Corporate Trainer', '555-1400'),
                                                                 ('Michael Carter', 'Operations Assistant', '555-1410'),
                                                                 ('Ellie Watson', 'Executive Assistant', '555-1420'),
                                                                 ('Nathan Cooper', 'Hardware Engineer', '555-1430'),
                                                                 ('Samantha Jenkins', 'Customer Success', '555-1440'),
                                                                 ('Oliver Murphy', 'Technical Director', '555-1450'),
                                                                 ('Emily Sanders', 'Finance Assistant', '555-1460'),
                                                                 ('Ryan Fisher', 'Retail Manager', '555-1470'),
                                                                 ('Madison Simmons', 'Product Tester', '555-1480'),
                                                                 ('Jacob Ross', 'Warehouse Supervisor', '555-1490'),
                                                                 ('Layla Edwards', 'Community Manager', '555-1500'),
                                                                 ('Carter Foster', 'Market Analyst', '555-1510'),
                                                                 ('Sofia Diaz', 'Brand Manager', '555-1520'),
                                                                 ('Owen Rivera', 'Advertising Coordinator', '555-1530'),
                                                                 ('Zane Howard', 'Technician', '555-1540'),
                                                                 ('Natalie Harper', 'HR Coordinator', '555-1550'),
                                                                 ('Dominic Wells', 'Sales Representative', '555-1560'),
                                                                 ('Aurora Bennett', 'Warehouse Worker', '555-1570'),
                                                                 ('Julian Mitchell', 'Marketing Specialist', '555-1580'),
                                                                 ('Hazel Ramirez', 'Customer Relations', '555-1590'),
                                                                 ('Eli Collins', 'Finance Analyst', '555-1600'),
                                                                 ('Stella Foster', 'Public Relations', '555-1610'),
                                                                 ('Leo Simmons', 'Business Analyst', '555-1620'),
                                                                 ('Brooklyn Rogers', 'Project Manager', '555-1630'),
                                                                 ('Elliot Turner', 'Software Engineer', '555-1640'),
                                                                 ('Valeria Scott', 'Customer Support', '555-1650'),
                                                                 ('Micah King', 'Inventory Manager', '555-1660'),
                                                                 ('Isabelle Hall', 'Sales Consultant', '555-1670'),
                                                                 ('Maxwell Adams', 'Warehouse Worker', '555-1680'),
                                                                 ('Lillian Green', 'Product Manager', '555-1690'),
                                                                 ('Caleb Bailey', 'Operations Manager', '555-1700'),
                                                                 ('Genesis Ross', 'Legal Consultant', '555-1710'),
                                                                 ('Nicholas Price', 'Market Researcher', '555-1720'),
                                                                 ('Savannah Wood', 'Accounting Clerk', '555-1730'),
                                                                 ('Hunter Carter', 'Security Officer', '555-1740'),
                                                                 ('Paisley Perry', 'Executive Assistant', '555-1750'),
                                                                 ('Xavier Edwards', 'Hardware Engineer', '555-1760'),
                                                                 ('Naomi Bell', 'Corporate Trainer', '555-1770'),
                                                                 ('Jonathan Brooks', 'Retail Supervisor', '555-1780'),
                                                                 ('Clara White', 'IT Specialist', '555-1790'),
                                                                 ('Aaron Harris', 'Warehouse Supervisor', '555-1800'),
                                                                 ('Eleanor Thompson', 'Brand Strategist', '555-1810'),
                                                                 ('Gabriel Jenkins', 'Procurement Manager', '555-1820'),
                                                                 ('Allison Rivera', 'E-commerce Manager', '555-1830'),
                                                                 ('Ezekiel Hughes', 'Operations Assistant', '555-1840'),
                                                                 ('Violet Taylor', 'Software Engineer', '555-1850'),
                                                                 ('Andrew Scott', 'System Administrator', '555-1860'),
                                                                 ('Ivy Adams', 'Social Media Manager', '555-1870'),
                                                                 ('Josiah Watson', 'Market Analyst', '555-1880'),
                                                                 ('Madeline Mitchell', 'Finance Analyst', '555-1890'),
                                                                 ('Asher Cooper', 'Data Analyst', '555-1900'),
                                                                 ('Sienna Hall', 'Legal Advisor', '555-1910'),
                                                                 ('Nathan Wright', 'Customer Success', '555-1920'),
                                                                 ('Maya Green', 'Public Relations', '555-1930'),
                                                                 ('Caleb Collins', 'Procurement Manager', '555-1940'),
                                                                 ('Luna Brooks', 'Community Manager', '555-1950'),
                                                                 ('Lincoln Perez', 'Advertising Coordinator', '555-1960'),
                                                                 ('Levi Sanchez', 'UX Designer', '555-1970'),
                                                                 ('Addison Ross', 'Project Manager', '555-1980'),
                                                                 ('Eli Parker', 'Sales Representative', '555-1990'),
                                                                 ('Aaron Harris', 'Warehouse Supervisor', '555-1800'),
                                                                 ('Eleanor Thompson', 'Brand Strategist', '555-1810'),
                                                                 ('Gabriel Jenkins', 'Procurement Manager', '555-1820'),
                                                                 ('Allison Rivera', 'E-commerce Manager', '555-1830'),
                                                                 ('Ezekiel Hughes', 'Operations Assistant', '555-1840'),
                                                                 ('Violet Taylor', 'Software Engineer', '555-1850'),
                                                                 ('Andrew Scott', 'System Administrator', '555-1860'),
                                                                 ('Ivy Adams', 'Social Media Manager', '555-1870'),
                                                                 ('Josiah Watson', 'Market Analyst', '555-1880'),
                                                                 ('Madeline Mitchell', 'Finance Analyst', '555-1890'),
                                                                 ('Asher Cooper', 'Data Analyst', '555-1900'),
                                                                 ('Sienna Hall', 'Legal Advisor', '555-1910'),
                                                                 ('Nathan Wright', 'Customer Success', '555-1920'),
                                                                 ('Maya Green', 'Public Relations', '555-1930'),
                                                                 ('Caleb Collins', 'Procurement Manager', '555-1940'),
                                                                 ('Luna Brooks', 'Community Manager', '555-1950'),
                                                                 ('Lincoln Perez', 'Advertising Coordinator', '555-1960'),
                                                                 ('Levi Sanchez', 'UX Designer', '555-1970'),
                                                                 ('Addison Ross', 'Project Manager', '555-1980'),
                                                                 ('Eli Parker', 'Sales Representative', '555-1990'),
                                                                 ('Isla Moore', 'Customer Support', '555-2000'),
                                                                 ('Isla Moore', 'Customer Support', '555-2000');


